id,context_danmaku,batch_reply,naturalness_1_5,mentioned_feeling_1_5,,,,,,,,,,,,,,,,
batch-01,观众26：🧧；观众22：😊；观众09：引战；佳宁的小跟班：楼层,看到26宝发的红包啦，谢谢宝贝！22宝笑得这么开心是不是也被暖到了？至于说引战的，宝贝咱直播间不吵架哈，乖乖看佳宁就好~,4,5,4,5,4,5,4,4,2,5,5,5,2,5,2,5,4,5
batch-02,星空下的猫：好板凳啊；观众31：燃；天天来看：昨晚没睡好；老哥本哥：乐观一点；阿伟：终于来了,"欢迎阿伟、天天来看还有星空下的猫~看到老哥说""乐观一点""，天天你昨晚是不是又熬夜了呀，今天早点睡哦宝贝！",4,5,3,5,2,5,4,4,4,5,4,4,4,5,5,5,4,5
batch-03,路过的风：我信号不太好；观众00：这局打得有来有回；弹幕姬本姬：冲鸭；观众10：主播你刚刚那个表情我已经截图了，做表情包,路过的风信号不好就先歇会儿，别硬撑呀。观众10你截图我可要收版权费了哦。还有弹幕姬本姬，冲鸭冲鸭，这局咱打得是真有来有回，看得我手心都出汗了。,4,5,2,5,4,5,4,5,3,5,4,4,4,5,2,5,4,5
batch-04,观众13：嘻嘻嘎嘎嘿；佳宁的小跟班：哈哈哈哈鸭；天天来看：666起飞；弹幕姬本姬：刚才那个弹幕说的故事好戳我，主播有没有共鸣；观众17：刚才那个弹幕说的冷知识好有意思，主播知道吗,小跟班和弹幕姬宝宝我来啦~刚才那个故事我也被戳到了，冷知识确实长见识了！你们聊得比我还嗨，哼，那我岂不是要失业啦？,4,5,3,5,5,4,3,4,4,5,3,4,4,5,4,5,4,4
batch-05,观众01：秀；观众23：这个BGM叫什么名字，好好听，求歌名；观众32：能不能用一句话形容一下你和粉丝之间的默契；观众20：刚刚那个梗是出自哪部番啊，我好像看过又忘了,刚才有宝贝问BGM歌名，还有问那个梗出处的，我一起说啦——歌叫《晚安》，梗是《间谍过家家》里的，没看过的话快去补！至于跟你们的默契嘛，一句话：我还没开口，你们就知道我要说什么了~,4,5,4,5,4,5,4,4,4,5,4,3,4,5,4,5,3,5
batch-06,观众13：嘻嘻嘎嘎嘿；佳宁的小跟班：哈哈哈哈鸭；路过的风：我信号不太好；天天来看：666起飞；观众00：这局打得有来有回；弹幕姬本姬：冲鸭；观众10：主播你刚刚那个表情我已经截图了，做表情包；弹幕姬本姬：刚才那个弹幕说的故事好戳我，主播有没有共鸣,欢迎小跟班和弹幕姬本姬~刚才有人说截图做表情包，还有人问那个故事我有没有共鸣。故事是真戳我，至于表情包……宝贝你可别乱发呀！,4,5,4,4,4,5,5,4,4,5,5,5,3,5,3,5,3,2
batch-07,观众18：嘎嘎尊；观众00：已关注；观众02：这操作看着挺舒服；观众16：我发现你每次唱歌前都会深呼吸，好可爱；观众03：这个BGM一响我就知道要来了，主播的专属BGM哈哈,欢迎00关注呀~16宝你观察得好细，唱歌前深呼吸是真的，紧张嘛。03你说BGM，那可是我的专属出场曲，一响就得支棱起来！,4,5,3,5,4,4,5,4,3,5,5,5,5,5,4,5,4,5
batch-08,弹幕姬本姬：举报了；观众07：🌰🌰🌰；观众33：看情况吧；观众25：做自己就好；熬夜冠军：我这边降温了,举报我干嘛呀弹幕姬本姬，我可没干坏事~观众25说得对，做自己就好，这个我举双手赞成。熬夜冠军那边降温啦？记得多穿点，别光顾着熬夜看直播，身体要紧哦宝贝们~,4,5,4,5,5,5,4,5,4,5,5,4,5,5,2,5,4,4
batch-09,弹幕姬本姬：🤨；观众22：加群领礼；弹幕姬本姬：笑不活了；观众19：慢慢积累吧,宝宝们聊什么呢，姬本姬那个🤨是几个意思呀，还有观众22你这是想拉我进群吗，哼，我直播间不香吗，慢慢积累，咱们一起慢慢来~,2,5,1,5,2,5,3,4,2,5,2,4,2,5,2,4,2,3
batch-10,观众09：😇；弹幕姬本姬：我这边刚忙完 来看看；观众18：原来还能这样；观众24：主播你能不能说说你最近在追什么剧,欢迎弹幕姬本姬忙完回来呀，观众24问我最近追什么剧——我最近在看一部甜甜的恋爱番，剧情真的上头！观众09和18你们也说说在看啥呗？,2,5,4,5,2,5,1,5,2,3,1,4,2,5,2,4,3,4
batch-11,观众12：打卡了；星空下的猫：嘿嘿6；芝士拌饭：多练练就好了；观众32：潜水好久了冒个泡,星空下的猫、芝士拌饭、还有潜水冒泡的宝宝都来啦~练练就好这话我记下啦，谢谢你们陪着我，今天也多夸夸我呗！,4,5,4,5,4,5,4,5,4,5,3,4,4,5,4,5,3,3
batch-12,老哥本哥：🙃；观众31：可惜了；观众13：潜水好久了冒个泡；观众02：主播你今天的声音好像有点沙哑，是不是没休息好,欢迎31宝和13宝冒泡呀，潜水这么久总算浮上来了~02宝贝耳朵真尖，是有点哑，昨晚跟老哥打游戏打太晚了，哼都怪他！,2,5,2,3,4,5,3,5,3,5,2,4,3,5,2,3,3,3
batch-13,观众04：🎊🎊；观众05：666冲冲冲；观众01：刚才那个观众的问题好专业，主播是不是偷偷查资料了；佳宁的小跟班：主播这局状态在线,欢迎观众04、观众05，还有小跟班来啦~刚才有宝贝问是不是偷偷查资料了？哼，这可难不倒我，我可是提前做了功课的，这下知道我的厉害了吧！,3,5,3,5,4,5,2,5,5,5,3,5,2,5,5,5,2,3
batch-14,观众10：🌳🌳🌳；观众25：主播你今天是不是没吃饭，感觉声音有点没力气；观众05：刚刚那个反应太真实了，是不是真的被吓到了；观众23：主播你能不能挑战一下用最快语速念完这段文字,刚才25号说我声音没力气，还有05号问我是不是真被吓到了，23号更狠直接让我飙语速。宝贝们，我只是今天有点困，不是没吃饭啦！至于飙语速……那可难不倒我，下次直播给你们表演一个。,2,5,2,3,3,5,2,5,2,5,2,4,3,4,1,4,3,5
batch-15,观众26：皇；弹幕姬本姬：手机看的 画质还行；路过的风：我先挂个后台听着；观众00：做自己就好,手机看的宝贝画质还行就好，路过的风挂后台也行，记得偶尔回来看看我呀。观众00说得对，做自己就好，我这就继续做我自己啦~,3,5,2,5,3,5,3,5,3,5,3,4,3,5,2,5,3,3
batch-16,"现在直播比较冷清，把攒下的礼物和弹幕一起回应：
弹幕：
观众26：今天也是美好的一天
观众19：不用解释，都懂
观众33：挺好挺好
佳宁的小跟班：附议
观众27：666啊
佳宁的小跟班：🙌
观众25：🏅🏅🏅
观众13：🙈
先一句话感谢小礼物（「谢谢xxx的小花、yyy的辣条～」风格，没有礼物就跳过），再概括聊聊弹幕内容，最后可以自然带一句找话题的尾巴（比如「不过现在没人说话了，不如我们聊聊xxx？求个舰长不丢人～」）。口语化，80字以内。",谢谢佳宁的小跟班的小花，还有观众25的辣条呀～今天也是美好的一天，看到你们刷666我就安心了。不过现在弹幕好像安静下来了，不如聊聊你们今天都干嘛了？顺便求个舰长，不丢人吧～,4,5,4,5,2,3,4,5,4,5,2,4,4,5,4,4,3,4
batch-17,"现在直播比较冷清，把攒下的礼物和弹幕一起回应：
弹幕：
观众15：你觉得自己最圈粉的一点是什么，不许说颜值
观众04：主播你能不能讲一下你最近的一个小确幸
观众19：精彩马上到
老哥本哥：刚刚那个弹幕说你是电子棉花糖，太甜了吧
观众09：我上学那会天天听
芝士拌饭：今天直播间人挺稳
观众19：刚才那个弹幕说主播像某个人，主播听到会不会介意
路过的风：爱了爱了
先一句话感谢小礼物（「谢谢xxx的小花、yyy的辣条～」风格，没有礼物就跳过），再概括聊聊弹幕内容，最后可以自然带一句找话题的尾巴（比如「不过现在没人说话了，不如我们聊聊xxx？求个舰长不丢人～」）。口语化，80字以内。",谢谢芝士拌饭的小花、路过的风的辣条～哎呀今天人少但都是熟面孔，真好。最圈粉的一点？那必须是……会说好听的话呀，颜值交给建模师。小确幸嘛，就是刚喝到一杯特别香的奶茶。至于像谁那事儿，不介意，能被比较说明我有点存在感嘛。不过现在没人说话了，不如聊聊你们最近的小确幸？求个舰长不丢人～,2,5,2,5,2,5,2,5,2,5,2,4,2,4,2,5,2,4
batch-18,"现在直播比较冷清，把攒下的礼物和弹幕一起回应：
弹幕：
观众16：前奏一响就爱了
观众14：问个问题，主播你觉得虚拟主播最大的魅力是什么
观众16：还是原来的味道
天天来看：你刚刚那个动作是不是在找什么东西，哈哈
佳宁的小跟班：慢慢来嘛
观众08：今天外面挺安静的
观众14：混脸熟
佳宁的小跟班：冒泡了
先一句话感谢小礼物（「谢谢xxx的小花、yyy的辣条～」风格，没有礼物就跳过），再概括聊聊弹幕内容，最后可以自然带一句找话题的尾巴（比如「不过现在没人说话了，不如我们聊聊xxx？求个舰长不丢人～」）。口语化，80字以内。","谢谢佳宁的小跟班的小花呀，爱你～前奏一响就爱了这句我收下了，宝贝懂我！
[认真]问虚拟主播的魅力嘛……我觉得是她可以一直是你们想象中的样子，想她了就来，她一直在。
[普通]外面安静、直播间也安静，那就慢慢来嘛，反正我又不会跑。话说你们想聊点啥？求个舰长也不丢人呀～",3,5,4,5,4,5,4,4,2,5,3,5,2,5,4,4,3,4
batch-19,"现在直播比较冷清，把攒下的礼物和弹幕一起回应：
弹幕：
阿伟：就这？还没看够
老哥本哥：问一下主播，你最喜欢自己身上的哪个特点
路过的风：这局打完还播吗
观众27：刚吃完水果 来看看
观众04：热闹着呢
阿伟：楼上说得对
熬夜冠军：新粉
观众31：你们好
先一句话感谢小礼物（「谢谢xxx的小花、yyy的辣条～」风格，没有礼物就跳过），再概括聊聊弹幕内容，最后可以自然带一句找话题的尾巴（比如「不过现在没人说话了，不如我们聊聊xxx？求个舰长不丢人～」）。口语化，80字以内。",谢谢阿伟的小花、熬夜冠军的辣条～新粉宝宝欢迎，老哥你这问题问得好，我最喜欢……嗯……会说好听的话？哎呀别笑，认真的！风宝打完这局就下播啦，不过现在没人说话了，不如聊聊你们最喜欢我哪一点？求个舰长不丢人～,3,5,3,3,3,5,2,3,3,5,4,4,4,5,1,4,3,4
batch-20,"现在直播比较冷清，把攒下的礼物和弹幕一起回应：
弹幕：
观众30：我刚刚差点错过直播，还好赶上了，主播想我没
老哥本哥：忍不住了
芝士拌饭：猜到了猜到了
观众23：今天弹幕很和谐
观众34：打工人不容易
观众00：好板凳啊
星空下的猫：有人能说下刚才讲啥了吗
观众11：嗷
先一句话感谢小礼物（「谢谢xxx的小花、yyy的辣条～」风格，没有礼物就跳过），再概括聊聊弹幕内容，最后可以自然带一句找话题的尾巴（比如「不过现在没人说话了，不如我们聊聊xxx？求个舰长不丢人～」）。口语化，80字以内。",谢谢小礼物呀，收到啦~刚来的宝贝别急，前面就聊了聊打工人的心酸。星空猫猫我一会儿给你补课哈。不过现在弹幕好像安静了，不如我们聊聊今天谁最累？求个舰长不丢人~,3,5,2,5,3,5,3,4,3,5,3,4,2,5,3,5,2,3
batch-21,"现在直播比较冷清，把攒下的礼物和弹幕一起回应：
弹幕：
老哥本哥：主播你今天状态好像特别放松，是不是刚休息过
观众08：期待已久了
观众06：今天事情有点多 累了
观众09：这波打得挺稳当
观众03：稳稳的
天天来看：今天人挺多啊
观众19：分享给朋友了
观众05：早就猜到了
先一句话感谢小礼物（「谢谢xxx的小花、yyy的辣条～」风格，没有礼物就跳过），再概括聊聊弹幕内容，最后可以自然带一句找话题的尾巴（比如「不过现在没人说话了，不如我们聊聊xxx？求个舰长不丢人～」）。口语化，80字以内。",谢谢老哥本哥的小花、观众03的辣条～今天确实挺放松的，休息够了嘛。人不多也没事，咱们慢慢聊。不过现在没人说话了，不如聊聊你们今天都累不累？求个舰长不丢人～,3,5,2,5,3,5,2,5,3,4,4,5,3,4,4,4,2,2
batch-22,"现在直播比较冷清，把攒下的礼物和弹幕一起回应：
弹幕：
佳宁的小跟班：能不能用三种语气说同一句话，我想听御姐和萝莉版
观众02：你刚刚那个笑是不是在笑我们太可爱了
观众15：能不能用一句话总结一下你今天直播的高光时刻
老哥本哥：刚才那个剧情我看弹幕都在哭，主播你眼睛还好吗
爱笑的桃子：稳住别慌
熬夜冠军：哈哈哈6
天天来看：开摆中
观众15：凑个热闹
先一句话感谢小礼物（「谢谢xxx的小花、yyy的辣条～」风格，没有礼物就跳过），再概括聊聊弹幕内容，最后可以自然带一句找话题的尾巴（比如「不过现在没人说话了，不如我们聊聊xxx？求个舰长不丢人～」）。口语化，80字以内。",谢谢小跟班的小花、桃子的辣条～有人说我笑你们可爱？哼，那是我笑点低好吧。三种语气那个，御姐我怕吓到你们，萝莉嘛……算了先欠着。老哥你眼睛才哭了吧，我那是演技。现在没人说话啦，不如聊聊你们今天过得怎么样？求个舰长不丢人～,3,5,3,5,3,4,3,5,2,5,4,4,3,5,4,5,3,4
batch-23,"现在直播比较冷清，把攒下的礼物和弹幕一起回应：
弹幕：
观众31：记得吃润喉糖
阿伟：救命笑死
佳宁的小跟班：已加入歌单
观众09：来得正好
熬夜冠军：好狂啊
观众25：我觉得还行
观众09：冲冲冲
星空下的猫：猛
先一句话感谢小礼物（「谢谢xxx的小花、yyy的辣条～」风格，没有礼物就跳过），再概括聊聊弹幕内容，最后可以自然带一句找话题的尾巴（比如「不过现在没人说话了，不如我们聊聊xxx？求个舰长不丢人～」）。口语化，80字以内。",谢谢小跟班的小花、熬夜冠军的辣条呀~看到有人说润喉糖、有人说救命笑死，你们这弹幕比我还热闹呢。不过现在没人说话啦，不如聊聊你们今晚都在干嘛？顺手求个舰长不丢人嘛~,3,5,3,5,3,5,4,5,4,5,1,5,3,5,3,5,2,3
batch-24,"现在直播比较冷清，把攒下的礼物和弹幕一起回应：
弹幕：
观众18：谢谢陪伴
观众01：降温了注意保暖
观众32：这局打得挺有来有回
观众04：明白你的意思
观众19：多运动运动
佳宁的小跟班：好板凳啊
观众06：围观一下啦
老哥本哥：233
先一句话感谢小礼物（「谢谢xxx的小花、yyy的辣条～」风格，没有礼物就跳过），再概括聊聊弹幕内容，最后可以自然带一句找话题的尾巴（比如「不过现在没人说话了，不如我们聊聊xxx？求个舰长不丢人～」）。口语化，80字以内。",谢谢佳宁的小跟班的小花花～降温了宝贝们都记得添衣服，别光顾着围观，冻着自己我可心疼。这局确实有来有回，不过现在没人说话啦，要不咱聊聊你们最近都在忙啥？顺手求个舰长，不丢人～,3,5,2,5,3,5,4,4,3,5,2,5,4,4,4,5,3,4
batch-25,观众12：主播你能不能聊聊你最近有没有什么想吐槽的事情；观众10：如果让你选一个粉丝当室友，你会选什么样的；弹幕姬本姬：还是原来的味道；观众23：主播你能不能挑战一下用最快语速念完这段文字,观众10、23还有姬本姬，你们仨问题也太多了吧~吐槽嘛，老哥今天又忘词算不算？室友的话，选那种半夜不催我下播的宝贝！至于超快语速，这个我会，等下就表演给你们看！,3,5,3,5,4,5,5,5,3,5,4,5,3,5,2,4,3,4
