stream,lambda_per_min,profile,seed,strategy,total_cov,precise_rate,batch_cov_rate,ignore_rate,low_cov,mid_cov,high_cov,high_precise_rate,high_wait_s,mean_wait_s,gift_cov
ovl_l3_uniform,3,uniform,42,fifo,1.0000,1.0000,0.0000,0.0000,1.0000,1.0000,1.0000,1.0000,2.8,2.6,1.0000
ovl_l3_uniform,3,uniform,42,greedy,1.0000,1.0000,0.0000,0.0000,1.0000,1.0000,1.0000,1.0000,2.1,2.6,1.0000
ovl_l3_uniform,3,uniform,42,full_commit,1.0000,1.0000,0.0000,0.0000,1.0000,1.0000,1.0000,1.0000,2.6,2.6,1.0000
ovl_l3_uniform,3,uniform,42,full_merge_commit,1.0000,1.0000,0.0000,0.0000,1.0000,1.0000,1.0000,1.0000,2.6,2.6,1.0000
ovl_l3_uniform,3,uniform,42,full_merge_q3_commit,1.0000,1.0000,0.0000,0.0000,1.0000,1.0000,1.0000,1.0000,2.6,2.6,1.0000
ovl_l3_drift,3,drift,42,fifo,1.0000,1.0000,0.0000,0.0000,1.0000,1.0000,1.0000,1.0000,2.8,3.6,1.0000
ovl_l3_drift,3,drift,42,greedy,1.0000,1.0000,0.0000,0.0000,1.0000,1.0000,1.0000,1.0000,1.6,3.7,1.0000
ovl_l3_drift,3,drift,42,full_commit,1.0000,1.0000,0.0000,0.0000,1.0000,1.0000,1.0000,1.0000,2.2,3.7,1.0000
ovl_l3_drift,3,drift,42,full_merge_commit,1.0000,1.0000,0.0000,0.0000,1.0000,1.0000,1.0000,1.0000,2.2,3.7,1.0000
ovl_l3_drift,3,drift,42,full_merge_q3_commit,1.0000,1.0000,0.0000,0.0000,1.0000,1.0000,1.0000,1.0000,2.2,3.7,1.0000
ovl_l6_uniform,6,uniform,42,fifo,1.0000,1.0000,0.0000,0.0000,1.0000,1.0000,1.0000,1.0000,5.5,10.0,1.0000
ovl_l6_uniform,6,uniform,42,greedy,1.0000,1.0000,0.0000,0.0000,1.0000,1.0000,1.0000,1.0000,2.5,10.4,1.0000
ovl_l6_uniform,6,uniform,42,full_commit,1.0000,1.0000,0.0000,0.0000,1.0000,1.0000,1.0000,1.0000,4.0,10.3,1.0000
ovl_l6_uniform,6,uniform,42,full_merge_commit,1.0000,0.9944,0.0056,0.0000,1.0000,1.0000,1.0000,1.0000,4.0,10.3,1.0000
ovl_l6_uniform,6,uniform,42,full_merge_q3_commit,1.0000,0.9944,0.0056,0.0000,1.0000,1.0000,1.0000,1.0000,4.0,10.3,1.0000
ovl_l6_drift,6,drift,42,fifo,1.0000,1.0000,0.0000,0.0000,1.0000,1.0000,1.0000,1.0000,6.1,7.3,0.0000
ovl_l6_drift,6,drift,42,greedy,1.0000,1.0000,0.0000,0.0000,1.0000,1.0000,1.0000,1.0000,2.5,7.3,0.0000
ovl_l6_drift,6,drift,42,full_commit,1.0000,1.0000,0.0000,0.0000,1.0000,1.0000,1.0000,1.0000,3.7,7.3,0.0000
ovl_l6_drift,6,drift,42,full_merge_commit,1.0000,1.0000,0.0000,0.0000,1.0000,1.0000,1.0000,1.0000,3.7,7.3,0.0000
ovl_l6_drift,6,drift,42,full_merge_q3_commit,1.0000,1.0000,0.0000,0.0000,1.0000,1.0000,1.0000,1.0000,3.7,7.3,0.0000
ovl_l12_uniform,12,uniform,42,fifo,0.7000,0.7000,0.0000,0.3000,0.7155,0.6802,0.7222,0.7222,135.6,143.7,0.7778
ovl_l12_uniform,12,uniform,42,greedy,0.6944,0.6944,0.0000,0.3056,0.0603,0.9942,1.0000,1.0000,6.2,109.2,1.0000
ovl_l12_uniform,12,uniform,42,full_commit,0.6972,0.6972,0.0000,0.3028,0.0776,0.9884,1.0000,1.0000,14.1,119.6,1.0000
ovl_l12_uniform,12,uniform,42,full_merge_commit,1.0000,0.3778,0.6222,0.0000,1.0000,1.0000,1.0000,1.0000,40.0,40.3,1.0000
ovl_l12_uniform,12,uniform,42,full_merge_q3_commit,1.0000,0.3778,0.6222,0.0000,1.0000,1.0000,1.0000,1.0000,40.0,40.3,1.0000
ovl_l12_drift,12,drift,42,fifo,0.7056,0.7056,0.0000,0.2944,0.6496,0.7532,0.7101,0.7101,145.6,154.6,0.6000
ovl_l12_drift,12,drift,42,greedy,0.6944,0.6944,0.0000,0.3056,0.1971,1.0000,1.0000,1.0000,6.9,160.1,1.0000
ovl_l12_drift,12,drift,42,full_commit,0.6972,0.6972,0.0000,0.3028,0.2044,1.0000,1.0000,1.0000,13.6,179.3,1.0000
ovl_l12_drift,12,drift,42,full_merge_commit,1.0000,0.3500,0.6500,0.0000,1.0000,1.0000,1.0000,1.0000,71.5,45.6,1.0000
ovl_l12_drift,12,drift,42,full_merge_q3_commit,1.0000,0.3500,0.6500,0.0000,1.0000,1.0000,1.0000,1.0000,71.5,45.6,1.0000
ovl_l24_uniform,24,uniform,42,fifo,0.3722,0.3722,0.0000,0.6278,0.4139,0.3547,0.3409,0.3409,94.6,97.2,0.0000
ovl_l24_uniform,24,uniform,42,greedy,0.3681,0.3681,0.0000,0.6319,0.0041,0.3837,1.0000,1.0000,8.8,93.0,1.0000
ovl_l24_uniform,24,uniform,42,full_commit,0.3681,0.3681,0.0000,0.6319,0.0000,0.3866,1.0000,1.0000,16.5,97.5,1.0000
ovl_l24_uniform,24,uniform,42,full_merge_commit,0.5056,0.2861,0.2194,0.4944,0.1721,0.5523,1.0000,1.0000,130.1,117.8,1.0000
ovl_l24_uniform,24,uniform,42,full_merge_q3_commit,0.7361,0.2556,0.4806,0.2639,0.5615,0.7587,1.0000,1.0000,276.5,101.5,1.0000
ovl_l24_drift,24,drift,42,fifo,0.3639,0.3639,0.0000,0.6361,0.3489,0.3519,0.4167,0.4167,104.9,96.1,0.7143
ovl_l24_drift,24,drift,42,greedy,0.3611,0.3611,0.0000,0.6389,0.0000,0.3402,1.0000,1.0000,17.3,127.2,1.0000
ovl_l24_drift,24,drift,42,full_commit,0.3625,0.3625,0.0000,0.6375,0.0043,0.3402,1.0000,1.0000,55.3,132.9,1.0000
ovl_l24_drift,24,drift,42,full_merge_commit,0.4097,0.3250,0.0847,0.5903,0.0553,0.4047,1.0000,1.0000,177.6,143.4,1.0000
ovl_l24_drift,24,drift,42,full_merge_q3_commit,0.5375,0.2944,0.2431,0.4625,0.1872,0.5836,1.0000,1.0000,319.8,150.1,1.0000
ovl_l12_drift_s1001,12,drift,1001,fifo,0.7028,0.7028,0.0000,0.2972,0.6696,0.6824,0.7949,0.7949,164.5,157.3,1.0000
ovl_l12_drift_s1001,12,drift,1001,greedy,0.7028,0.7028,0.0000,0.2972,0.0446,1.0000,1.0000,1.0000,7.9,142.7,1.0000
ovl_l12_drift_s1001,12,drift,1001,full_commit,0.7056,0.7056,0.0000,0.2944,0.0893,0.9765,1.0000,1.0000,15.8,147.8,1.0000
ovl_l12_drift_s1001,12,drift,1001,full_merge_commit,1.0000,0.3639,0.6361,0.0000,1.0000,1.0000,1.0000,1.0000,97.6,56.0,1.0000
ovl_l12_drift_s1001,12,drift,1001,full_merge_q3_commit,1.0000,0.3639,0.6361,0.0000,1.0000,1.0000,1.0000,1.0000,97.6,56.0,1.0000
ovl_l12_drift_s2002,12,drift,2002,fifo,0.7500,0.7500,0.0000,0.2500,0.7647,0.7233,0.7805,0.7805,143.8,156.0,0.4000
ovl_l12_drift_s2002,12,drift,2002,greedy,0.7417,0.7417,0.0000,0.2583,0.2185,1.0000,1.0000,1.0000,9.0,127.5,1.0000
ovl_l12_drift_s2002,12,drift,2002,full_commit,0.7444,0.7444,0.0000,0.2556,0.2521,0.9811,1.0000,1.0000,16.0,120.5,1.0000
ovl_l12_drift_s2002,12,drift,2002,full_merge_commit,1.0000,0.4778,0.5222,0.0000,1.0000,1.0000,1.0000,1.0000,39.1,44.6,1.0000
ovl_l12_drift_s2002,12,drift,2002,full_merge_q3_commit,1.0000,0.4778,0.5222,0.0000,1.0000,1.0000,1.0000,1.0000,39.1,44.6,1.0000
ovl_l12_drift_s3003,12,drift,3003,fifo,0.6778,0.6778,0.0000,0.3222,0.6560,0.7083,0.6418,0.6418,140.1,155.3,0.9000
ovl_l12_drift_s3003,12,drift,3003,greedy,0.6750,0.6750,0.0000,0.3250,0.0720,0.9940,1.0000,1.0000,8.6,139.9,1.0000
ovl_l12_drift_s3003,12,drift,3003,full_commit,0.6778,0.6778,0.0000,0.3222,0.2000,0.9048,1.0000,1.0000,16.0,167.1,1.0000
ovl_l12_drift_s3003,12,drift,3003,full_merge_commit,1.0000,0.3528,0.6472,0.0000,1.0000,1.0000,1.0000,1.0000,81.6,50.3,1.0000
ovl_l12_drift_s3003,12,drift,3003,full_merge_q3_commit,1.0000,0.3528,0.6472,0.0000,1.0000,1.0000,1.0000,1.0000,81.6,50.3,1.0000
ovl_l12_drift_s4004,12,drift,4004,fifo,0.7444,0.7444,0.0000,0.2556,0.8211,0.7014,0.7097,0.7097,162.8,169.8,0.6667
ovl_l12_drift_s4004,12,drift,4004,greedy,0.7389,0.7389,0.0000,0.2611,0.2683,0.9722,1.0000,1.0000,8.5,134.1,1.0000
ovl_l12_drift_s4004,12,drift,4004,full_commit,0.7389,0.7389,0.0000,0.2611,0.3252,0.9236,1.0000,1.0000,17.4,106.7,1.0000
ovl_l12_drift_s4004,12,drift,4004,full_merge_commit,1.0000,0.4583,0.5417,0.0000,1.0000,1.0000,1.0000,1.0000,68.5,52.3,1.0000
ovl_l12_drift_s4004,12,drift,4004,full_merge_q3_commit,1.0000,0.4583,0.5417,0.0000,1.0000,1.0000,1.0000,1.0000,68.5,52.3,1.0000
ovl_l24_drift_s1001,24,drift,1001,fifo,0.3569,0.3569,0.0000,0.6431,0.3707,0.3429,0.3624,0.3624,93.3,93.3,0.4000
ovl_l24_drift_s1001,24,drift,1001,greedy,0.3444,0.3444,0.0000,0.6556,0.0000,0.3173,1.0000,1.0000,31.7,148.8,1.0000
ovl_l24_drift_s1001,24,drift,1001,full_commit,0.3458,0.3458,0.0000,0.6542,0.0039,0.3173,1.0000,1.0000,46.2,129.9,1.0000
ovl_l24_drift_s1001,24,drift,1001,full_merge_commit,0.4556,0.2694,0.1861,0.5444,0.1776,0.4263,1.0000,1.0000,181.2,134.4,1.0000
ovl_l24_drift_s1001,24,drift,1001,full_merge_q3_commit,0.4986,0.2792,0.2194,0.5014,0.2124,0.5160,0.9597,0.9597,257.7,129.1,1.0000
ovl_l24_drift_s2002,24,drift,2002,fifo,0.3667,0.3667,0.0000,0.6333,0.3487,0.3549,0.4177,0.4177,101.3,96.6,0.5000
ovl_l24_drift_s2002,24,drift,2002,greedy,0.3583,0.3583,0.0000,0.6417,0.0042,0.3056,1.0000,1.0000,29.9,146.1,1.0000
ovl_l24_drift_s2002,24,drift,2002,full_commit,0.3597,0.3597,0.0000,0.6403,0.0126,0.3025,1.0000,1.0000,74.3,105.8,1.0000
ovl_l24_drift_s2002,24,drift,2002,full_merge_commit,0.4014,0.3306,0.0708,0.5986,0.0630,0.3580,1.0000,1.0000,188.3,139.3,1.0000
ovl_l24_drift_s2002,24,drift,2002,full_merge_q3_commit,0.5014,0.3097,0.1917,0.4986,0.1555,0.5154,0.9937,0.9937,307.1,151.3,1.0000
ovl_l24_drift_s3003,24,drift,3003,fifo,0.3569,0.3569,0.0000,0.6431,0.3017,0.3981,0.3609,0.3609,96.4,91.3,0.2667
ovl_l24_drift_s3003,24,drift,3003,greedy,0.3417,0.3417,0.0000,0.6583,0.0041,0.2460,1.0000,1.0000,76.9,156.8,1.0000
ovl_l24_drift_s3003,24,drift,3003,full_commit,0.3431,0.3431,0.0000,0.6569,0.0041,0.2492,1.0000,1.0000,108.2,116.3,1.0000
ovl_l24_drift_s3003,24,drift,3003,full_merge_commit,0.3736,0.3167,0.0569,0.6264,0.0455,0.2977,0.9822,0.9822,183.6,129.3,1.0000
ovl_l24_drift_s3003,24,drift,3003,full_merge_q3_commit,0.4611,0.2819,0.1792,0.5389,0.1983,0.4207,0.9112,0.9112,233.8,128.7,1.0000
ovl_l24_drift_s4004,24,drift,4004,fifo,0.3847,0.3847,0.0000,0.6153,0.3458,0.4069,0.3988,0.3988,105.2,101.2,0.4545
ovl_l24_drift_s4004,24,drift,4004,greedy,0.3764,0.3764,0.0000,0.6236,0.0000,0.3407,1.0000,1.0000,26.5,129.9,1.0000
ovl_l24_drift_s4004,24,drift,4004,full_commit,0.3778,0.3778,0.0000,0.6222,0.0000,0.3438,1.0000,1.0000,98.4,161.4,1.0000
ovl_l24_drift_s4004,24,drift,4004,full_merge_commit,0.4500,0.3319,0.1181,0.5500,0.0667,0.4574,1.0000,1.0000,235.3,153.8,1.0000
ovl_l24_drift_s4004,24,drift,4004,full_merge_q3_commit,0.5028,0.3194,0.1833,0.4972,0.1417,0.5205,1.0000,1.0000,339.2,172.0,1.0000
