src,lambda_per_min,profile,strategy,arm,commits,enqueued,commit_rate
combo,,real/synthetic,fixed50,na,84,104,0.8077
combo,,real/synthetic,full,na,84,104,0.8077
synthetic_bursty,,real/synthetic,fixed50,na,693,812,0.8534
synthetic_bursty,,real/synthetic,full,na,692,812,0.8522
synthetic_shift,,real/synthetic,fixed50,na,300,608,0.4934
synthetic_shift,,real/synthetic,full,na,300,608,0.4934
synthetic_steady,,real/synthetic,fixed50,na,1,709,0.0014
synthetic_steady,,real/synthetic,full,na,1,709,0.0014
ovl_l12_drift,12,drift,fixed50,commit,1,370,0.0027
ovl_l12_drift,12,drift,fixed50,nocommit,0,370,0.0000
ovl_l12_drift,12,drift,full,commit,1,370,0.0027
ovl_l12_drift,12,drift,full,nocommit,0,370,0.0000
ovl_l12_uniform,12,uniform,fixed50,commit,1,369,0.0027
ovl_l12_uniform,12,uniform,fixed50,nocommit,0,369,0.0000
ovl_l12_uniform,12,uniform,full,commit,1,369,0.0027
ovl_l12_uniform,12,uniform,full,nocommit,0,369,0.0000
ovl_l24_drift,24,drift,fixed50,commit,1,727,0.0014
ovl_l24_drift,24,drift,fixed50,nocommit,0,727,0.0000
ovl_l24_drift,24,drift,full,commit,1,727,0.0014
ovl_l24_drift,24,drift,full,nocommit,0,727,0.0000
ovl_l24_uniform,24,uniform,fixed50,commit,1,723,0.0014
ovl_l24_uniform,24,uniform,fixed50,nocommit,0,723,0.0000
ovl_l24_uniform,24,uniform,full,commit,1,723,0.0014
ovl_l24_uniform,24,uniform,full,nocommit,0,723,0.0000
ovl_l3_drift,3,drift,fixed50,commit,88,183,0.4809
ovl_l3_drift,3,drift,fixed50,nocommit,0,183,0.0000
ovl_l3_drift,3,drift,full,commit,88,183,0.4809
ovl_l3_drift,3,drift,full,nocommit,0,183,0.0000
ovl_l3_uniform,3,uniform,fixed50,commit,115,182,0.6319
ovl_l3_uniform,3,uniform,fixed50,nocommit,0,182,0.0000
ovl_l3_uniform,3,uniform,full,commit,115,182,0.6319
ovl_l3_uniform,3,uniform,full,nocommit,0,182,0.0000
ovl_l6_drift,6,drift,fixed50,commit,52,180,0.2889
ovl_l6_drift,6,drift,fixed50,nocommit,0,180,0.0000
ovl_l6_drift,6,drift,full,commit,52,180,0.2889
ovl_l6_drift,6,drift,full,nocommit,0,180,0.0000
ovl_l6_uniform,6,uniform,fixed50,commit,53,184,0.2880
ovl_l6_uniform,6,uniform,fixed50,nocommit,0,184,0.0000
ovl_l6_uniform,6,uniform,full,commit,53,184,0.2880
ovl_l6_uniform,6,uniform,full,nocommit,0,184,0.0000
