stream,strategy,llm_calls,batch_n,batch_avg_size,slots,responded_dm,per_slot_coverage
ovl_l3_uniform,fifo,182,0,0.00,182,180,0.9890
ovl_l3_uniform,greedy,182,0,0.00,182,180,0.9890
ovl_l3_uniform,full_commit,182,0,0.00,182,180,0.9890
ovl_l3_uniform,full_merge_commit,182,0,0.00,182,180,0.9890
ovl_l3_uniform,full_merge_q3_commit,182,0,0.00,182,180,0.9890
ovl_l3_drift,fifo,183,0,0.00,183,180,0.9836
ovl_l3_drift,greedy,183,0,0.00,183,180,0.9836
ovl_l3_drift,full_commit,183,0,0.00,183,180,0.9836
ovl_l3_drift,full_merge_commit,183,0,0.00,183,180,0.9836
ovl_l3_drift,full_merge_q3_commit,183,0,0.00,183,180,0.9836
ovl_l6_uniform,fifo,184,0,0.00,184,180,0.9783
ovl_l6_uniform,greedy,184,0,0.00,184,180,0.9783
ovl_l6_uniform,full_commit,184,0,0.00,184,180,0.9783
ovl_l6_uniform,full_merge_commit,184,1,1.00,184,180,0.9783
ovl_l6_uniform,full_merge_q3_commit,184,1,1.00,184,180,0.9783
ovl_l6_drift,fifo,180,0,0.00,180,180,1.0000
ovl_l6_drift,greedy,180,0,0.00,180,180,1.0000
ovl_l6_drift,full_commit,180,0,0.00,180,180,1.0000
ovl_l6_drift,full_merge_commit,180,0,0.00,180,180,1.0000
ovl_l6_drift,full_merge_q3_commit,180,0,0.00,180,180,1.0000
ovl_l12_uniform,fifo,259,0,0.00,259,252,0.9730
ovl_l12_uniform,greedy,259,0,0.00,259,250,0.9653
ovl_l12_uniform,full_commit,260,0,0.00,260,251,0.9654
ovl_l12_uniform,full_merge_commit,191,46,4.87,191,360,1.8848
ovl_l12_uniform,full_merge_q3_commit,191,46,4.87,191,360,1.8848
ovl_l12_drift,fifo,260,0,0.00,260,254,0.9769
ovl_l12_drift,greedy,260,0,0.00,260,250,0.9615
ovl_l12_drift,full_commit,261,0,0.00,261,251,0.9617
ovl_l12_drift,full_merge_commit,187,51,4.59,187,360,1.9251
ovl_l12_drift,full_merge_q3_commit,187,51,4.59,187,360,1.9251
ovl_l24_uniform,fifo,268,0,0.00,268,268,1.0000
ovl_l24_uniform,greedy,268,0,0.00,268,265,0.9888
ovl_l24_uniform,full_commit,268,0,0.00,268,265,0.9888
ovl_l24_uniform,full_merge_commit,240,31,5.10,240,364,1.5167
ovl_l24_uniform,full_merge_q3_commit,230,43,8.05,230,530,2.3043
ovl_l24_drift,fifo,267,0,0.00,267,262,0.9813
ovl_l24_drift,greedy,267,0,0.00,267,260,0.9738
ovl_l24_drift,full_commit,268,0,0.00,268,261,0.9739
ovl_l24_drift,full_merge_commit,255,14,4.36,255,295,1.1569
ovl_l24_drift,full_merge_q3_commit,245,26,6.73,245,387,1.5796
ovl_l12_drift_s1001,fifo,256,0,0.00,256,253,0.9883
ovl_l12_drift_s1001,greedy,256,0,0.00,256,253,0.9883
ovl_l12_drift_s1001,full_commit,257,0,0.00,257,254,0.9883
ovl_l12_drift_s1001,full_merge_commit,185,51,4.49,185,360,1.9459
ovl_l12_drift_s1001,full_merge_q3_commit,185,51,4.49,185,360,1.9459
ovl_l12_drift_s2002,fifo,272,0,0.00,272,270,0.9926
ovl_l12_drift_s2002,greedy,272,0,0.00,272,267,0.9816
ovl_l12_drift_s2002,full_commit,273,0,0.00,273,268,0.9817
ovl_l12_drift_s2002,full_merge_commit,216,39,4.82,216,360,1.6667
ovl_l12_drift_s2002,full_merge_q3_commit,216,39,4.82,216,360,1.6667
ovl_l12_drift_s3003,fifo,253,0,0.00,253,244,0.9644
ovl_l12_drift_s3003,greedy,253,0,0.00,253,243,0.9605
ovl_l12_drift_s3003,full_commit,254,0,0.00,254,244,0.9606
ovl_l12_drift_s3003,full_merge_commit,185,48,4.85,185,360,1.9459
ovl_l12_drift_s3003,full_merge_q3_commit,185,48,4.85,185,360,1.9459
ovl_l12_drift_s4004,fifo,272,0,0.00,272,268,0.9853
ovl_l12_drift_s4004,greedy,272,0,0.00,272,266,0.9779
ovl_l12_drift_s4004,full_commit,272,0,0.00,272,266,0.9779
ovl_l12_drift_s4004,full_merge_commit,213,42,4.64,213,360,1.6901
ovl_l12_drift_s4004,full_merge_q3_commit,213,42,4.64,213,360,1.6901
ovl_l24_drift_s1001,fifo,263,0,0.00,263,257,0.9772
ovl_l24_drift_s1001,greedy,263,0,0.00,263,248,0.9430
ovl_l24_drift_s1001,full_commit,264,0,0.00,264,249,0.9432
ovl_l24_drift_s1001,full_merge_commit,238,29,4.62,238,328,1.3782
ovl_l24_drift_s1001,full_merge_q3_commit,241,25,6.32,241,359,1.4896
ovl_l24_drift_s2002,fifo,270,0,0.00,270,264,0.9778
ovl_l24_drift_s2002,greedy,270,0,0.00,270,258,0.9556
ovl_l24_drift_s2002,full_commit,271,0,0.00,271,259,0.9557
ovl_l24_drift_s2002,full_merge_commit,261,11,4.64,261,289,1.1073
ovl_l24_drift_s2002,full_merge_q3_commit,254,19,7.26,254,361,1.4213
ovl_l24_drift_s3003,fifo,261,0,0.00,261,257,0.9847
ovl_l24_drift_s3003,greedy,261,0,0.00,261,246,0.9425
ovl_l24_drift_s3003,full_commit,262,0,0.00,262,247,0.9427
ovl_l24_drift_s3003,full_merge_commit,253,10,4.10,253,269,1.0632
ovl_l24_drift_s3003,full_merge_q3_commit,241,23,5.61,241,332,1.3776
ovl_l24_drift_s4004,fifo,282,0,0.00,282,277,0.9823
ovl_l24_drift_s4004,greedy,282,0,0.00,282,271,0.9610
ovl_l24_drift_s4004,full_commit,283,0,0.00,283,272,0.9611
ovl_l24_drift_s4004,full_merge_commit,267,17,5.00,267,324,1.2135
ovl_l24_drift_s4004,full_merge_q3_commit,263,22,6.00,263,362,1.3764
