lk,lam,rho,profile,seed,avg_greedy,avg_fifo,avg_full,diff_full_greedy,cov_greedy,cov_full,cov_fifo,commit_rate,n_dm
l1p5,1.5,0.22388059701492538,uniform,42,38.955555555555556,38.955555555555556,38.955555555555556,0.0,1.0,1.0,1.0,0.8444444444444444,45
l1p5,1.5,0.22388059701492538,uniform,1001,33.06666666666667,33.06666666666667,33.06666666666667,0.0,1.0,1.0,1.0,0.8222222222222222,45
l1p5,1.5,0.22388059701492538,uniform,2002,36.266666666666666,36.266666666666666,36.266666666666666,0.0,1.0,1.0,1.0,0.8888888888888888,45
l1p5,1.5,0.22388059701492538,drift,42,40.51111111111111,40.51111111111111,40.51111111111111,0.0,1.0,1.0,1.0,0.8666666666666667,45
l1p5,1.5,0.22388059701492538,drift,1001,38.08888888888889,38.08888888888889,38.08888888888889,0.0,1.0,1.0,1.0,0.8666666666666667,45
l1p5,1.5,0.22388059701492538,drift,2002,41.17777777777778,41.17777777777778,41.17777777777778,0.0,1.0,1.0,1.0,0.9333333333333333,45
l3,3.0,0.44776119402985076,uniform,42,38.333333333333336,38.333333333333336,38.333333333333336,0.0,1.0,1.0,1.0,0.6388888888888888,180
l3,3.0,0.44776119402985076,uniform,1001,38.55,38.55,38.55,0.0,1.0,1.0,1.0,0.6,180
l3,3.0,0.44776119402985076,uniform,2002,41.81666666666667,41.81666666666667,41.81666666666667,0.0,1.0,1.0,1.0,0.6555555555555556,180
l3,3.0,0.44776119402985076,drift,42,40.76111111111111,40.76111111111111,40.76111111111111,0.0,1.0,1.0,1.0,0.4888888888888889,180
l3,3.0,0.44776119402985076,drift,1001,38.3,38.3,38.3,0.0,1.0,1.0,1.0,0.65,180
l3,3.0,0.44776119402985076,drift,2002,40.6,40.6,40.6,0.0,1.0,1.0,1.0,0.6722222222222223,180
l4p5,4.5,0.6716417910447761,uniform,42,36.84444444444444,36.84444444444444,36.84444444444444,0.0,1.0,1.0,1.0,0.5259259259259259,135
l4p5,4.5,0.6716417910447761,uniform,1001,41.13333333333333,41.13333333333333,41.13333333333333,0.0,1.0,1.0,1.0,0.4666666666666667,135
l4p5,4.5,0.6716417910447761,uniform,2002,36.45185185185185,36.45185185185185,36.45185185185185,0.0,1.0,1.0,1.0,0.4444444444444444,135
l4p5,4.5,0.6716417910447761,drift,42,40.074074074074076,40.074074074074076,40.074074074074076,0.0,1.0,1.0,1.0,0.3925925925925926,135
l4p5,4.5,0.6716417910447761,drift,1001,40.11851851851852,40.11851851851852,40.11851851851852,0.0,1.0,1.0,1.0,0.3111111111111111,135
l4p5,4.5,0.6716417910447761,drift,2002,39.19259259259259,39.19259259259259,39.19259259259259,0.0,1.0,1.0,1.0,0.34814814814814815,135
l6,6.0,0.8955223880597015,uniform,42,37.41111111111111,37.41111111111111,37.41111111111111,0.0,1.0,1.0,1.0,0.29444444444444445,180
l6,6.0,0.8955223880597015,uniform,1001,39.08888888888889,39.08888888888889,39.08888888888889,0.0,1.0,1.0,1.0,0.15,180
l6,6.0,0.8955223880597015,uniform,2002,40.93888888888889,40.93888888888889,40.93888888888889,0.0,1.0,1.0,1.0,0.23333333333333334,180
l6,6.0,0.8955223880597015,drift,42,39.92777777777778,39.92777777777778,39.92777777777778,0.0,1.0,1.0,1.0,0.28888888888888886,180
l6,6.0,0.8955223880597015,drift,1001,41.56666666666667,41.56666666666667,41.56666666666667,0.0,1.0,1.0,1.0,0.2222222222222222,180
l6,6.0,0.8955223880597015,drift,2002,39.394444444444446,39.394444444444446,39.394444444444446,0.0,1.0,1.0,1.0,0.2777777777777778,180
l9,9.0,1.3432835820895521,uniform,42,36.58518518518518,36.58518518518518,36.58518518518518,0.0,1.0,1.0,1.0,0.014814814814814815,270
l9,9.0,1.3432835820895521,uniform,1001,39.948,37.488,39.808764940239044,-0.1392350597609564,0.9259259259259259,0.9296296296296296,0.9259259259259259,0.003703703703703704,270
l9,9.0,1.3432835820895521,uniform,2002,39.797570850202426,36.202429149797574,39.73684210526316,-0.06072874493926861,0.9148148148148149,0.9148148148148149,0.9148148148148149,0.007407407407407408,270
l9,9.0,1.3432835820895521,drift,42,39.2962962962963,39.2962962962963,39.2962962962963,0.0,1.0,1.0,1.0,0.040740740740740744,270
l9,9.0,1.3432835820895521,drift,1001,38.29770992366412,37.02671755725191,38.17110266159696,-0.12660726206716078,0.9703703703703703,0.9740740740740741,0.9703703703703703,0.022222222222222223,270
l9,9.0,1.3432835820895521,drift,2002,39.55555555555556,39.55555555555556,39.55555555555556,0.0,1.0,1.0,1.0,0.044444444444444446,270
l12,12.0,1.791044776119403,uniform,42,50.556,39.67460317460318,50.37848605577689,-0.17751394422310796,0.6944444444444444,0.6972222222222222,0.7,0.002777777777777778,360
l12,12.0,1.791044776119403,uniform,1001,50.03137254901961,39.961089494163424,49.66015625,-0.37121629901960773,0.7083333333333334,0.7111111111111111,0.7138888888888889,0.002777777777777778,360
l12,12.0,1.791044776119403,uniform,2002,48.76953125,39.750972762645915,48.43968871595331,-0.3298425340466906,0.7111111111111111,0.7138888888888889,0.7138888888888889,0.008333333333333333,360
l12,12.0,1.791044776119403,drift,42,47.8,38.767716535433074,47.669322709163346,-0.13067729083665114,0.6944444444444444,0.6972222222222222,0.7055555555555556,0.002777777777777778,360
l12,12.0,1.791044776119403,drift,1001,50.27272727272727,41.14624505928854,50.10629921259842,-0.16642806012885103,0.7027777777777777,0.7055555555555556,0.7027777777777777,0.002777777777777778,360
l12,12.0,1.791044776119403,drift,2002,48.88389513108614,40.166666666666664,48.46268656716418,-0.42120856392196515,0.7416666666666667,0.7444444444444445,0.75,0.002777777777777778,360
l18,18.0,2.6865671641791042,uniform,42,55.16728624535316,37.577777777777776,55.13011152416357,-0.03717472118959364,0.4981481481481482,0.4981481481481482,0.5,0.003703703703703704,540
l18,18.0,2.6865671641791042,uniform,1001,55.7027027027027,39.96168582375479,55.77220077220077,0.06949806949806714,0.47962962962962963,0.47962962962962963,0.48333333333333334,0.001851851851851852,540
l18,18.0,2.6865671641791042,uniform,2002,56.968,38.612648221343875,56.864,-0.10400000000000631,0.46296296296296297,0.46296296296296297,0.4685185185185185,0.001851851851851852,540
l18,18.0,2.6865671641791042,drift,42,57.3771186440678,39.2092050209205,56.40084388185654,-0.9762747622112613,0.43703703703703706,0.4388888888888889,0.4425925925925926,0.001851851851851852,540
l18,18.0,2.6865671641791042,drift,1001,55.654761904761905,39.9296875,54.70750988142292,-0.947252023338983,0.4666666666666667,0.4685185185185185,0.4740740740740741,0.003703703703703704,540
l18,18.0,2.6865671641791042,drift,2002,57.935483870967744,41.12156862745098,57.630522088353416,-0.3049617826143276,0.45925925925925926,0.46111111111111114,0.4722222222222222,0.001851851851851852,540
l24,24.0,3.582089552238806,uniform,42,58.52452830188679,37.07462686567164,58.656603773584905,0.13207547169811562,0.3680555555555556,0.3680555555555556,0.37222222222222223,0.001388888888888889,720
l24,24.0,3.582089552238806,uniform,1001,60.95161290322581,40.07058823529412,60.76706827309237,-0.1845446301334377,0.34444444444444444,0.3458333333333333,0.3541666666666667,0.001388888888888889,720
l24,24.0,3.582089552238806,uniform,2002,61.66379310344828,38.57377049180328,61.18454935622318,-0.4792437472250981,0.32222222222222224,0.3236111111111111,0.3388888888888889,0.001388888888888889,720
l24,24.0,3.582089552238806,drift,42,60.457692307692305,40.16412213740458,59.42528735632184,-1.0324049513704665,0.3611111111111111,0.3625,0.3638888888888889,0.001388888888888889,720
l24,24.0,3.582089552238806,drift,1001,60.875,38.36575875486381,60.06425702811245,-0.8107429718875494,0.34444444444444444,0.3458333333333333,0.35694444444444445,0.001388888888888889,720
l24,24.0,3.582089552238806,drift,2002,61.224806201550386,41.54545454545455,59.72586872586873,-1.4989374756816574,0.35833333333333334,0.3597222222222222,0.36666666666666664,0.001388888888888889,720
l36,36.0,5.3731343283582085,uniform,42,63.18725099601593,39.21590909090909,62.92857142857143,-0.2586795674445028,0.2324074074074074,0.23333333333333334,0.24444444444444444,0.000925925925925926,1080
l36,36.0,5.3731343283582085,uniform,1001,62.78714859437751,36.76335877862596,62.676,-0.11114859437751079,0.23055555555555557,0.23148148148148148,0.24259259259259258,0.000925925925925926,1080
l36,36.0,5.3731343283582085,uniform,2002,64.12903225806451,38.74031007751938,64.16532258064517,0.03629032258065479,0.22962962962962963,0.22962962962962963,0.2388888888888889,0.000925925925925926,1080
l36,36.0,5.3731343283582085,drift,42,64.74015748031496,40.01149425287356,63.14509803921569,-1.5950594410992736,0.2351851851851852,0.2361111111111111,0.24166666666666667,0.000925925925925926,1080
l36,36.0,5.3731343283582085,drift,1001,64.47470817120623,40.27340823970037,63.05019305019305,-1.4245151210131795,0.23796296296296296,0.23981481481481481,0.24722222222222223,0.000925925925925926,1080
l36,36.0,5.3731343283582085,drift,2002,63.96484375,40.476190476190474,62.4124513618677,-1.5523923881322972,0.23703703703703705,0.23796296296296296,0.25277777777777777,0.000925925925925926,1080
