variant,threshold,replies,replied_dm,avg_dm_score,gift_total,gift_replied,promotes
fixed20,20,478,470,45.35,8,8,30
fixed25,25,478,470,45.35,8,8,30
fixed30,30,478,470,45.35,8,8,30
fixed35,35,478,470,45.35,8,8,30
fixed40,40,478,470,45.35,8,8,30
fixed45,45,478,470,45.35,8,8,0
fixed50,50,478,470,45.35,8,8,0
fixed55,55,478,470,45.35,8,8,0
fixed60,60,478,470,45.35,8,8,0
fixed65,65,478,470,45.35,8,8,0
fixed70,70,478,470,45.35,8,8,0
fixed75,75,478,470,45.35,8,8,0
fixed80,80,478,470,45.35,8,8,0
adaptive,,478,470,45.35,8,8,30
